<?xml version="1.0" encoding="UTF-8"?>  
<beans xmlns="http://www.springframework.org/schema/beans"  
    xmlns:xsi="http://www.w3.org/2001/XMLSchema-instance" xmlns:p="http://www.springframework.org/schema/p"  
    xmlns:context="http://www.springframework.org/schema/context"  
    xmlns:mvc="http://www.springframework.org/schema/mvc"  
    xsi:schemaLocation="http://www.springframework.org/schema/beans    
                        http://www.springframework.org/schema/beans/spring-beans.xsd    
                        http://www.springframework.org/schema/context    
                        http://www.springframework.org/schema/context/spring-context.xsd    
                        http://www.springframework.org/schema/mvc    
                        http://www.springframework.org/schema/mvc/spring-mvc.xsd">  
    <!-- 自动扫描该包，使SpringMVC认为包下用了@controller注解的类是控制器 -->  
    <context:component-scan base-package="com.mp.controller" />  
        <context:component-scan base-package="com.mp.serviceImpl" />  


<mvc:default-servlet-handler/>
<mvc:annotation-driven>    
    <mvc:message-converters register-defaults="true">    
        <!--json处理-->    
        <bean    
            class="org.springframework.http.converter.json.MappingJackson2HttpMessageConverter">    
            <property name="supportedMediaTypes">    
                <list>    
                    <value>application/json;charset=UTF-8</value>    
                    <value>text/html;charset=UTF-8</value>    
                </list>    
            </property>    
        </bean>    
    </mvc:message-converters>    
</mvc:annotation-driven>    
    <!-- 定义跳转的文件的前后缀 ，视图模式配置-->  
    <bean id="viewResolver" 
    class="org.springframework.web.servlet.view.InternalResourceViewResolver">  
        <!-- 这里的配置我的理解是自动给后面action的方法return的字符串加上前缀和后缀，变成一个 可用的url地址 -->  
        <property name="prefix" value="/WEB-INF/jsp/" />  
        
    </bean>  
      
    <!-- 配置文件上传，如果没有使用文件上传可以不用配置，当然如果不配，那么配置文件中也不必引入上传组件包 -->  
    <bean id="multipartResolver"    
        class="com.mp.tools.MyUploadUtil" >    
        <!-- 默认编码 -->  
        <property name="defaultEncoding" value="utf-8" />    
        <!-- 文件大小最大值 -->  
        <property name="maxUploadSize" value="104857600000" />    
        <!-- 内存中的最大值 -->  
        <property name="maxInMemorySize" value="40960" />    
        <property name="uploadTempDir" value="/temp"></property>
    </bean>   
  
</beans>  